{"name":"c419f470-54e5-4b16-a58f-e3a38a020e65","id":"/providers/Microsoft.Flow/flows/c419f470-54e5-4b16-a58f-e3a38a020e65","type":"Microsoft.Flow/flows","properties":{"apiId":"/providers/Microsoft.PowerApps/apis/shared_logicflows","displayName":"execute PBI exports","definition":{"metadata":{"workflowEntityId":null,"processAdvisorMetadata":null,"flowChargedByPaygo":null,"flowclientsuspensionreason":"None","flowclientsuspensiontime":null,"flowclientsuspensionreasondetails":null,"creator":{"id":"b48038dc-fa9e-4e71-b89b-ee49220b84ec","type":"User","tenantId":"72e63bb5-ee93-4204-beed-cdcb89e22dcf"},"provisioningMethod":"FromDefinition","failureAlertSubscription":true,"clientLastModifiedTime":"2024-11-29T07:39:17.9880843Z","connectionKeySavedTimeKey":"2024-11-29T07:39:17.9880843Z"},"$schema":"https://schema.management.azure.com/providers/Microsoft.Logic/schemas/2016-06-01/workflowdefinition.json#","contentVersion":"undefined","parameters":{"$connections":{"defaultValue":{},"type":"Object"},"$authentication":{"defaultValue":{},"type":"SecureObject"}},"triggers":{"Recurrence":{"recurrence":{"frequency":"Week","interval":1,"startTime":"2024-11-28T01:00:00.000Z"},"metadata":{"operationMetadataId":"58454b06-7958-407e-a032-8976453826df"},"type":"Recurrence"}},"actions":{"Run_a_query_against_a_dataset":{"runAfter":{},"metadata":{"operationMetadataId":"12318bd6-378c-4fa2-8098-9f39e862452e"},"type":"OpenApiConnection","inputs":{"host":{"apiId":"/providers/Microsoft.PowerApps/apis/shared_powerbi","connectionName":"shared_powerbi","operationId":"ExecuteDatasetQuery"},"parameters":{"groupid":"9f6c90ac-9156-43db-b3c0-f9f8d84c42cd","datasetid":"e2cdbcf6-7e4e-4adc-9a57-db0c548f5408","specification/query":"define var _sales= SUMMARIZECOLUMNS('Product'[Color],\"Sales_by_color\", calculate(SUM(Sales[Sales Amount])))\nevaluate _sales","specification/serializerSettings/includeNulls":false},"authentication":"@parameters('$authentication')"}},"Send_an_email_(V2)":{"runAfter":{"Append_to_string_variable_2":["Succeeded"]},"metadata":{"operationMetadataId":"d2969066-0ad5-487d-82a4-cc22c6d5d585"},"type":"OpenApiConnection","inputs":{"host":{"apiId":"/providers/Microsoft.PowerApps/apis/shared_office365","connectionName":"shared_office365","operationId":"SendEmailV2"},"parameters":{"emailMessage/To":"mcait@3mp2z7.onmicrosoft.com","emailMessage/Subject":"test","emailMessage/Body":"<p>@{variables('htmlTable')}</p>","emailMessage/Importance":"Normal"},"authentication":"@parameters('$authentication')"}},"Initialize_variable":{"runAfter":{"Run_a_query_against_a_dataset":["Succeeded"]},"metadata":{"operationMetadataId":"a470210a-12ca-464b-84fe-1af9a16c6aa6"},"type":"InitializeVariable","inputs":{"variables":[{"name":"htmlTable","type":"string","value":"<html>\n<body>\n<table border=\"1\">\n<tr><th>Color</th><th>Sales</th></tr>"}]}},"Apply_to_each":{"foreach":"@outputs('Run_a_query_against_a_dataset')?['body/firstTableRows']","actions":{"Append_to_string_variable":{"runAfter":{},"metadata":{"operationMetadataId":"a2a2aec9-1571-401f-ac9c-edde2c1314f0"},"type":"AppendToStringVariable","inputs":{"name":"htmlTable","value":"<tr>\n  <td>@{items('Apply_to_each')['Product[Color]']}</td>\n  <td style=\"text-align: right;\">@{formatNumber(float(items('Apply_to_each')['[Sales_by_color]']), '###,###.##')}</td>\n</tr>"}}},"runAfter":{"Initialize_variable":["Succeeded"]},"metadata":{"operationMetadataId":"ca75f49e-5786-4bf2-944b-3a085c1405c1"},"type":"Foreach"},"Append_to_string_variable_2":{"runAfter":{"Apply_to_each":["Succeeded"]},"metadata":{"operationMetadataId":"e9bf9397-7e56-4f0f-8aec-f0594e977e41"},"type":"AppendToStringVariable","inputs":{"name":"htmlTable","value":"</table>\n</body>\n</html>"}}}},"connectionReferences":{"shared_powerbi":{"connectionName":"shared-powerbi-95b790a8-f646-4c86-8eee-a3779ed564d4","source":"Embedded","id":"/providers/Microsoft.PowerApps/apis/shared_powerbi","tier":"NotSpecified"},"shared_office365":{"connectionName":"shared-office365-3d2cd659-4841-43ee-bcf4-40afdde7d8b1","source":"Embedded","id":"/providers/Microsoft.PowerApps/apis/shared_office365","tier":"NotSpecified"}},"flowFailureAlertSubscribed":false,"isManaged":false}}